tvg-id,channel-id
2436645,
2299409,
2299410,
2299411,
2299412,
2305576,
2299413,
2305577,
2305578,
2299414,
2299415,
2299416,
2299417,
2299418,
2299419,
2299420,
2299421,
2350798,
2299422,
2299423,
2299424,
2299425,
2299426,
2299427,
2299428,
2299429,
2299430,
2299431,
2299432,
2299433,
2299434,
2299435,
2299436,
2299437,
2299438,
2299439,
2299440,
2299441,
2299442,
2299443,
2299444,
2299445,
2299446,
2299447,
2299448,
2299449,
2299450,
2299451,
2299452,
2299453,
2299454,
2299455,
2299456,
2299457,
2299458,
2299459,
2299460,
2299461,
2299462,
2299463,
2299464,
2299465,
2299466,
2299467,
2299468,
2299469,
2299470,
2299471,
2299472,
2299473,
2299474,
2299475,
2299476,
2299477,
2305579,
2305580,
2305581,
2299478,
2299479,
2299480,
2299481,
2299482,
2299483,
2299484,
2299485,
2299486,
2299487,
2299488,
